PRODUCT_SKU,PRODUCT_TITLE,BRAND,PRICE,IMAGES,PRODUCT_DESCRIPTION,rrp,handling_days,variant_group_id,variant_group_title,variant_facet_type,variant_facet_group,variant_facet_value
Air Jordan 1 Mid SE Red Quilt,Nike Air Jordan 1 Mid SE Red Quilt,Nike,119.9,https://solematesneakers.com/cdn/shop/products/image_e5dd706b-17de-4a81-82cd-e847d9ab5e39.jpg?v=1605082656 | https://shopcultive.com/cdn/shop/products/689228_01_jpg.jpg?v=1621780832 | https://solematesneakers.com/cdn/shop/products/image_a4ac9aaa-d132-40bc-b546-28dc0f3277be.jpg?v=1605082659&width=1445 ,"[Parcel-Box] Nike Air Jordan 1 Mid SE Red Quilt (GS)
Condition: Brand New in Box 
Size: GS 4Y, 5Y, 6Y, 7Y
Style Code: DC7267-600
Colorway: Gym Red / Black / White
Category: Grade School (GS)

Stand out in style with the Nike Air Jordan 1 Mid SE Red Quilt, a special edition designed with quilted paneling and a rich gym red finish. Featuring the classic Air Jordan silhouette and modern materials, this pair delivers comfort, style, and iconic Jordan heritage in every step.

✅ 100% Authentic
✅ Ships in parcel box for extra protection
✅ Includes original packaging
✅ Limited release
✅ Fast dispatch from Australia

Perfect for collectors or daily wear — grab your pair before they're gone!",30,2,,,,,
Air Jordan 1 Mid Gym Red Black White,Nike Air Jordan 1 Mid Gym Red Black White,Nike,99.9,https://m.media-amazon.com/images/I/41sO9ueCsFL._SY300_.jpg | https://kickstw.com.au/wp-content/uploads/2021/05/Air-Jordan-1-Mid-Gym-Red-Black-White1.jpg ,"Nike Air Jordan 1 Mid Gym Red Black White (GS)
Size: GS 4Y
Condition: Brand New 
Style Code: 554725-610
Colorway: Gym Red / Black / White
Category: Grade School (GS)

Step up your sneaker game with this bold and timeless pair of Air Jordan 1 Mid Gym Red Black White. Featuring a classic Chicago Bulls-inspired colorway, this mid-top silhouette combines premium leather with iconic Jordan branding, making it a must-have for collectors and everyday wearers alike.

✔ 100% Authentic
✔ Ships from Australia
✔ Box included
✔ Fast dispatch
✔ Suitable for casual wear or collection

Don't miss out — limited pairs available!",30,2,,,,,
Air Jordan 1 Mid Geometric Print,Nike Air Jordan 1 Mid Geometric Print x,Nike,249.9,https://s1.dswcdn.com/uploads/Nike_Air_Jordan_Shoes/Air_Jordan_I_1_Shoes/Air_Jordan_I_Mid/Air_Jordan_1_Mid_GS_Geometric_Print_White_Chlorine_Blue_555112-105_P2.jpg https://s1.dswcdn.com/uploads/Nike_Air_Jordan_Shoes/Air_Jordan_I_1_Shoes/Air_Jordan_I_Mid/Air_Jordan_1_Mid_GS_Geometric_Print_White_Chlorine_Blue_555112-105_P1.jpg https://s1.dswcdn.com/uploads/Nike_Air_Jordan_Shoes/Air_Jordan_I_1_Shoes/Air_Jordan_I_Mid/Air_Jordan_1_Mid_GS_Geometric_Print_White_Chlorine_Blue_555112-105_P2.jpg ,"Nike Air Jordan 1 Mid Geometric Print (GS)
Condition: Brand New in Box (DS)
Size: GS 7Y
Style Code: DC9517-100
Colorway: White / Black / Multicolor
Category: Grade School (GS)

Make a bold statement with the Air Jordan 1 Mid Geometric Print, featuring a playful mix of abstract patterns and classic Jordan DNA. This eye-catching design showcases multicolored geometric overlays against a crisp white leather base, blending retro vibes with modern edge.

✅ 100% Authentic & Brand New
✅ Ships securely in parcel box
✅ Original packaging included
✅ Rare & unique design – limited release
✅ Great for collectors or standout everyday wear

Add flair to your rotation with this artistic twist on a timeless silhouette. Don’t miss out!",30,2,,,,,
adidas Tennis HU Pharrell White Green,adidas Tennis HU Pharrell White Green x,Adidas,99.9,https://content.deadstock.de/media/pages/uploads/2017/05/057d10b7b9-1731408428/adidas-tennis-pharrell-hu-e1493898165369-750x450-crop.webp | https://cdn.sanity.io/images/c1chvb1i/production/63cfd52418fe3ddc059e8df5202b9e6f31c46f74-700x468.jpg?auto=format&fit=max&q=75&w=700 | https://www.masculin.com/wp-content/uploads/sites/2/article/13569/tennis-hu-adidas-pharrell-williams.jpg,"adidas Tennis HU Pharrell Williams – White/Green
Condition: Brand New in Box 
Size: US 5
Style Code: BY2671
Colorway: Footwear White / Green

Designed in collaboration with Pharrell Williams, the adidas Tennis HU fuses classic tennis aesthetics with modern minimalism. Featuring a breathable mesh upper and signature EVA midsole, this sneaker delivers lightweight comfort and a clean, stylish look. The white base is accented by a pop of green on the heel and tongue tabs, making it a versatile choice for everyday wear.

✅ 100% Authentic
✅ Lightweight & breathable design
✅ Pharrell x adidas collaboration
✅ Original box included
✅ Ideal for casual and streetwear looks

Don’t miss your chance to own this iconic, limited-release sneaker. Grab it now before it’s gone!

",30,2,,,,,
Nike Vaporwaffle sacai Dark Iris,Nike Vaporwaffle sacai Dark Iris x,Nike,399.9,https://kickstw.com.au/wp-content/uploads/2021/04/Nike-Vaporwaffle-sacai-Dark-Iris-2.jpg | https://kickstw.com.au/wp-content/uploads/2021/04/Nike-Vaporwaffle-sacai-Dark-Iris-3.jpg | https://kickstw.com.au/wp-content/uploads/2021/04/Nike-Vaporwaffle-sacai-Dark-Iris-4.jpg ,"Nike Vaporwaffle sacai – Dark Iris
Condition: Brand New in Box
Size: US 5.5
Style Code: DD1875-500
Colorway: Dark Iris / Campfire Orange / White

A standout result of the continued collaboration between Nike and Japanese label sacai, the Nike Vaporwaffle sacai Dark Iris blends futuristic design with retro running heritage. Featuring a layered upper with double tongues, double Swooshes, and a unique split sole, the Vaporwaffle is both bold and fashion-forward.

✅ 100% Authentic – Brand New with Original Box
✅ Premium suede and mesh upper
✅ Dual branding details with sacai’s signature double elements
✅ Chunky, comfortable midsole with excellent cushioning
✅ Highly sought-after limited edition release

An essential piece for sneaker collectors and streetwear fans alike — secure your pair today!",30,2,,,,,
Nike Vaporwaffle sacai Sesame Blue Void,Nike Vaporwaffle sacai Sesame Blue Void x,Nike,599.9,https://d5ibtax54de3q.cloudfront.net/eyJidWNrZXQiOiJraWNrYXZlbnVlLWFzc2V0cyIsImtleSI6InByb2R1Y3RzLzIyNTU1L2RhMjVhM2FiMTdkYTNhNGI4MzM0NWRkNGQ3N2IzOGMwLnBuZyIsImVkaXRzIjp7InJlc2l6ZSI6eyJ3aWR0aCI6MTQwMH19fQ== | https://kickstw.com.au/wp-content/uploads/2021/04/Nike-Vaporwaffle-sacai-Sesame-Blue-Void-3.jpg ,"Nike Vaporwaffle sacai Sesame Blue Void – DD1875-200 – Men's US Size 5.5

Brand new, 100% authentic.
The Nike Vaporwaffle sacai blends classic Nike running heritage with modern, fashion-forward design. This ""Sesame Blue Void"" colorway features a layered upper made from premium suede and mesh, with dual Swooshes, double tongues, and a distinctive split sole for bold style and comfort.

Style Code: DD1875-200

Color: Sesame / Blue Void / White

Condition: Brand New With Box

Size: US 5.5

Includes original box

Fast shipping from Australia 
Buy with confidence!
",30,2,,,,,
New Balance 327 Casablanca Green,New Balance 327 Casablanca Green,New Balance,399.9,"https://media.gq.com/photos/5e98bc803354970009b9b900/master/w_1600%2Cc_limit/06-new-gq-april-2020-Casablanca-New-Balance-327-Idealiste-sneaker.jpg | https://cdn.sanity.io/images/c1chvb1i/production/6c332372cff895567589653e051f0d2b10f7b646-700x468.jpg?rect=0,1,700,467&w=400&h=267&q=75&fit=max&auto=format","New Balance 327 x Casablanca – Green
Condition: Brand New in Box 
Size: US 5.5
Style Code: MS327CBD
Colorway: Green / White / Orange

This New Balance 327 Casablanca Green is part of the iconic collaboration between New Balance and Casablanca, combining retro 70s runner aesthetics with modern luxury style. The green perforated leather and premium suede overlays are accented by bold pops of orange and signature oversized “N” branding.

✅ 100% Authentic – Deadstock with Original Packaging
✅ Premium leather & suede construction
✅ Distinctive lugged outsole and retro-inspired silhouette
✅ Limited Edition collaboration – highly collectible
✅ Comfortable everyday wear with standout design

A fusion of sport and style, this exclusive pair is a must-have for sneaker collectors and New Balance fans alike. Don’t miss your chance to own this statement piece.",30,2,,,,,
Converse Pro Leather Hi Ambush Black,Converse Pro Leather Hi Ambush Black,Converse,199.9,https://www.sigilsecondhand.com/cdn/shop/products/DSC_3681_1946x.jpg?v=1658474898,"Converse Pro Leather Hi x AMBUSH Black – US Size 5.5

💯 100% Authentic | Brand New in Original Box

A bold reinterpretation of a classic, the Converse Pro Leather Hi x AMBUSH in Black fuses heritage basketball style with futuristic design. Created in collaboration with Tokyo-based label AMBUSH, this high-top features a durable rubberized upper, exaggerated midsole, and oversized heel branding for a standout look. Limited release and highly sought after.

Style Code: 169836C

Color: Black

Size: US 5.5

Condition: Brand New

Includes Original Box & Packaging

📦 Ships Fast from Australia
✅ Trusted Seller | Limited Pairs Available",30,2,,,,,
Jordan 1 Retro High Satin Snake Chicago,Nike Air Jordan 1 Retro High Satin Snake Chicago (Women's) x,Nike,179.9,https://cdn-images.farfetch-contents.com/15/73/84/45/15738445_28582479_600.jpg | https://encrypted-tbn0.gstatic.com/images?q=tbn:ANd9GcRJ-6nB0mJS_9DZN_NxrEQOMfehj82LHpqidg&s | https://nostopreselling.com/cdn/shop/files/Snapinsta.app_137054648_1625623844306885_7497133988465416861_n_1080.jpg?v=1696611445 ,"Nike Air Jordan 1 Retro High OG Satin Snake ""Chicago"" – Women's US Size 6

✅ 100% Authentic | Brand New in Box

The iconic Chicago colorway gets a luxury twist in the Air Jordan 1 Retro High OG ""Satin Snake"". This women's exclusive release features a striking mix of satin red overlays, white leather base, and black faux snakeskin on the Swoosh and collar. A premium take on a Jordan classic—perfect for collectors and style lovers alike.

Style Code: CD0461-601

Color: Gym Red / White / Black

Size: Women’s US 6

Condition: Brand New

Includes Original Box & Packaging

📦 Fast Shipping from Australia
🛍️ Trusted Seller | Limited Pairs Available",30,2,,,,,
Nike Air Force 1 Low CLOT Blue Silk,Nike Air Force 1 Low CLOT Blue Silk,Nike,399.9,https://www.wavesau.com/cdn/shop/files/552249_08_jpg_ff7ed27d-6a14-4a04-b49e-beb8321e3e9a_1200x.jpg?v=1688466625 | https://www.kickgame.co.uk/cdn/shop/products/air-force-1-prm-clot-blue-silk-cj5290-400_2_hxnxdm.jpg?v=1658248106&width=1024 ,"Nike Air Force 1 Low CLOT ""Blue Silk"" – US Size 6

✅ 100% Authentic | Brand New in Original Box

The Nike Air Force 1 Low CLOT “Blue Silk” is a limited-edition sneaker designed in collaboration with CLOT. Featuring an elegant royal blue silk upper embossed with traditional Chinese patterns, this shoe reveals a hidden leather layer underneath the silk when worn or cut away—symbolizing growth, depth, and transformation. A must-have for collectors and streetwear fans alike.

Style Code: CJ5290-400

Color: Game Royal / White

Condition: Brand New, Deadstock 

Size: US 6

Comes with Original Box & Packaging

📦 Fast Shipping from Australia
🛒 Trusted Seller | Limited Stock",30,2,,,,,
adidas Ultra Boost Laceless Core Black,adidas Ultra Boost Laceless Core Black,Adidas,149.9,https://image-cdn.hypb.st/https%3A%2F%2Fhypebeast.com%2Fimage%2F2017%2F08%2Fadidas-ultraboost-laceless-core-black-0.jpg?w=960&cbr=1&q=90&fit=max | https://images-na.ssl-images-amazon.com/images/I/41DzBZhjUEL.jpg ,"adidas Ultra Boost Laceless ""Core Black"" – US Size 6.5

✅ 100% Authentic | Brand New in Original Box

The adidas Ultra Boost Laceless ""Core Black"" brings sleek, minimalist style to one of the most comfortable running silhouettes ever made. Featuring a Primeknit upper with a sock-like fit, this laceless version offers adaptive support and a clean look, while the full-length Boost midsole delivers unbeatable energy return and cushioning for all-day comfort.

Style Code: BB6141

Color: Core Black / Utility Black

Size: US 6.5

Condition: Brand New

Includes Original Box

📦 Fast & Secure Shipping from Australia
🛒 Trusted Seller | Comfort Meets Style",30,2,,,,,
Ultra Boost 1.0 OG Black Gold Purple,adidas Ultra Boost 1.0 OG Black Gold Purple,Adidas,399.9,https://cdn.shopify.com/s/files/1/0408/9909/files/Adidas_Originals_Ultraboost_1-0_LTD_OG_-_Core_Black-Gold_Metal-Purple_-_December_05_2018-4_1024x1024.jpg?v=1548729402 | https://cdn.shopify.com/s/files/1/0408/9909/files/Adidas_Originals_Ultraboost_1-0_LTD_OG_-_Core_Black-Gold_Metal-Purple_-_December_05_2018-2_1024x1024.jpg?v=1548729398 ,"Adidas Ultra Boost 1.0 OG Black Gold Purple

Size : US7.5

Product Code: B27171

Year: 2015

Condition: DS - These kicks are classified as ""dead stock"" which means they are brand new with OG box.

Sizes are displayed in US Men sizing.


Please note that there is strictly no exchanges, returns or refunds on all consignment item purchases.

",30,2,,,,,
Nike Air Jordan 1 Low Crimson Tint,Nike Air Jordan 1 Low Crimson Tint x,Nike,149.9,https://kickstw.com.au/wp-content/uploads/2021/05/Air-Jordan-1-Low-Crimson-Tint3.jpg | https://www.hypeelixir.com/cdn/shop/products/1062-desktop_full_size-818949.webp?v=1698352973&width=3840 | https://cdn.afew-store.com/assets/33/334343/600/air-jordan-1-low-black-arctic-orange-white-553558-034-footwear%20%3E%20sneaker-packshots-300.jpg  ,"Nike Air Jordan 1 Low “Crimson Tint”
Condition: Brand New in Box (DS)
Size: US 8
Style Code: 553558-034
Colorway: Black / Crimson Tint / White

A fan-favorite in the Jordan 1 Low lineup, the Crimson Tint colorway offers a perfect balance of subtle and bold. Featuring a soft pink leather overlay (Crimson Tint) against a black leather base, this pair delivers a stylish, everyday look with premium comfort.

✅ 100% Authentic — Brand New in Original Box
✅ Premium leather construction
✅ Iconic Air Jordan Wings logo on the heel
✅ Low-cut silhouette for versatile wear
✅ Timeless two-tone color blocking

Whether you're a collector or just love clean, wearable sneakers — this pair is a must-have addition to your rotation. Limited sizes available, so don’t miss out!",30,2,,,,,
adidas Tubular Nova Primeknit Black Pink,adidas Tubular Nova Primeknit Black Pink x,Adidas,79.9,https://www.nicekicks.com/files/2016/04/adidas-tubular-nova-primeknit-available-01.jpg | https://weartesters.com/wp-content/uploads/2016/04/The-adidas-Tubular-Nova-PrimeKnit-is-Available-Now-in-Two-Colorways-1.jpg ,"adidas Tubular Nova Primeknit – Black / Pink
Condition: Brand New in Box (DS)
Size: US 8
Style Code: S74820
Colorway: Core Black / Shock Pink / White

Inspired by the classic Tubular DNA and updated with modern Primeknit technology, the adidas Tubular Nova Primeknit delivers a sock-like fit and futuristic streetwear style. The lightweight Primeknit upper hugs your foot while the Tubular EVA sole provides all-day comfort and bold aesthetics.

✅ 100% Authentic — Brand New in Original Box
✅ Breathable Primeknit upper for adaptive support
✅ Sock-like ankle collar for snug fit
✅ Tubular outsole for modern street style
✅ Shock Pink accents for standout detail

Perfect for daily wear or making a statement — these Tubular Novas combine innovation with comfort. Grab yours before they’re gone!",30,2,,,,,
adidas Adizero Prime Olive,adidas Adizero Prime Olive,Adidas,99.9,https://image-cdn.hypb.st/https%3A%2F%2Fhypebeast.com%2Fimage%2F2016%2F12%2Fadidas-adizero-prime-ltd-olive-3.jpg?q=75&w=800&cbr=1&fit=max ,"The Adidas Performance Adizero Prime BA7936 Olive Sneaker is a stylish and high-performance shoe suitable for both men and women. Featuring a knit fabric upper and a durable rubber outsole, this sneaker is perfect for running and jogging during any season. With its lace-up closure and low-top design, it offers a comfortable fit and modern look. Add a touch of sporty elegance to your activewear collection with this versatile athletic shoe from adidas.",30,2,,,,,
adidas AW Run Alexander Wang Grey,adidas AW Run Alexander Wang Grey x,Adidas,99.9,https://static.cdek.shopping/images/shopping/2a91147d7c0d48b3ba02c0ce95de494e.jpg | https://media-assets.grailed.com/prd/listing/34096445/4a17f1e17a1543fbbd27bcfcc4e7d7eb ,"The Adidas AW Run Alexander Wang Grey Shoe Sneakers (CM7826) in US size 8.5, UK size 8, and EU size 42 are a stylish choice for men looking for athletic footwear. Featuring a breathable knit upper material, these Adidas sneakers in collaboration with Alexander Wang offer both comfort and style. The grey colour, athletic design, and adidas x Alexander Wang product line make these shoes a fashionable addition to any footwear collection.",30,2,,,,,
adidas Ultra Boost 3.0 Burgundy,adidas Ultra Boost 3.0 Burgundy,Adidas,149.9,https://image.goat.com/transform/v1/attachments/product_template_additional_pictures/images/078/722/626/original/78640_01.jpg.jpeg?action=crop&width=750 | https://cdn.shopify.com/s/files/1/0603/3031/1875/products/main-square_8e2daab3-b0ca-4c6e-bcdc-c18fae1dc007_540x.jpg?=75&v=1695974927  ,"The adidas Ultra Boost 3.0 in Burgundy is a stylish and comfortable trainer for men. Featuring a mid-top design with a red Primeknit upper, these trainers offer arch support, cushioning, and breathability for all-day comfort. The rubber cleats provide traction, making them suitable for athletic activities or casual wear. In a US size 8.5, UK size 8, and EU size 42, these adidas Ultraboosts are a versatile addition to any sneaker collection.",30,2,,,,,
Zoom Terra Kiger 5 OFF-WHITE Green,Nike Zoom Terra Kiger 5 OFF-WHITE Electric Green (Women's),Nike,249.9,https://images.stockx.com/images/Nike-Zoom-Terra-Kiger-5-Off-White-Electric-Green-W-Product-1.jpg?fit=fill&bg=FFFFFF&w=700&h=500&fm=webp&auto=compress&q=90&dpr=2&trim=color&updated_at=1738193358 | https://cdn-images.farfetch-contents.com/14/21/75/57/14217557_19067755_600.jpg ,"Nike Zoom Terra Kiger 5 x OFF-WHITE “Electric Green” (Women's)
Condition: Brand New in Box (DS)
Size: US 8.5
Style Code: CD8179-300
Colorway: Electric Green / Black / Metallic Silver

Part of Virgil Abloh’s trail-inspired collaboration with Nike, the OFF-WHITE x Nike Zoom Terra Kiger 5 blends performance running features with avant-garde streetwear aesthetics. Featuring a striking Electric Green upper, spiked outsole, and signature zip-tie branding, this pair is a standout both on trails and in fashion.

✅ Authentic OFF-WHITE x Nike collab
✅ Spiked rubber outsole for rugged grip
✅ Exposed foam tongue & zip tie tag
✅ Zoom Air cushioning for comfort
✅ Comes with original box & extra laces

A collector's favorite and fashion-forward choice — bold, fast, and unmistakably OFF-WHITE.",30,2,,,,,
adidas NMD R2 Olive Black,adidas NMD R2 Olive Black,Adidas,99.9,https://image-cdn.hypb.st/https%3A%2F%2Fhypebeast.com%2Fimage%2F2016%2F11%2Fadidas-originals-nmdr2-olive-2.jpg?q=75&w=800&cbr=1&fit=max | https://crepldn.com/cdn/shop/products/BA71983_2048x2048.jpg ,"adidas NMD R2 ""Olive Black"" – US Size 8.5

✅ 100% Authentic | Brand New in Original Box

The adidas NMD R2 ""Olive Black"" blends sleek streetwear style with premium comfort. Featuring a lightweight olive green textile upper and signature Boost midsole for all-day cushioning, this modern classic offers an elevated take on the iconic NMD line. Black accents and minimalist detailing give it a sharp, everyday-ready edge.

Style Code: BY9914

Color: Olive / Core Black / White

Size: US 8.5

Condition: Brand New

Includes Original Box

📦 Ships Fast from Australia
🛒 Trusted Seller | Comfortable & Stylish",30,2,,,,,
Converse One Star OX White Pepper,Converse One Star OX White Pepper,Converse,99.9,https://i.ebayimg.com/images/g/2OIAAOSwVWhoSSoi/s-l1600.webp,"Converse One Star OX ""White Pepper"" – US Size 8.5

✅ 100% Authentic | Brand New in Original Box

The Converse One Star OX ""White Pepper"" delivers a clean and modern twist on a timeless skate-inspired silhouette. Built with a premium suede upper in a neutral ""White Pepper"" tone, this low-top sneaker features the signature One Star logo, durable rubber sole, and a cushioned insole for added comfort. A perfect blend of vintage heritage and modern minimalism.

Style Code: 162054C

Color: White Pepper / White / Black

Size: US 8.5

Condition: Brand New

Includes Original Box

📦 Fast Dispatch from Australia
🛒 Trusted Seller | Classic Style with Modern Comfort",30,2,,,,,
Nike Zoom Fly NYC,Nike Zoom Fly NYC,Nike,249.9,https://image.goat.com/attachments/product_template_additional_pictures/images/082/592/031/medium/253185_08.jpg.jpeg | https://image-cdn.hypb.st/https%3A%2F%2Fhypebeast.com%2Fimage%2F2017%2F09%2Fnike-vaporfly-4-5.jpg?q=75&w=800&cbr=1&fit=max ,"Nike Zoom Fly 3 NYC - Limited Edition Running Shoes

Take your runs to the next level with the Nike Zoom Fly 3 NYC, a performance-driven shoe inspired by the spirit and energy of the New York City Marathon. Engineered for speed and endurance, this limited-edition model features a lightweight translucent upper and a responsive full-length React foam midsole with a carbon-infused nylon plate for maximum propulsion.

Features:

Limited NYC edition design with exclusive detailing

Lightweight translucent upper for breathable comfort

Full-length Nike React foam for soft yet responsive cushioning

Carbon-infused nylon plate for a snappy, fast feel

Rubber outsole for durability and traction

Ideal for long-distance runs, race day, and everyday training

Style Code: CT1514-001
Condition: Brand New 
Size: US9


Don't miss out on this exclusive pair—perfect for runners and collectors alike!",30,2,,,,,
adidas EQT Cushion Footpatrol,adidas EQT Cushion Footpatrol x,Adidas,149.9,https://www.sneakerfiles.com/wp-content/uploads/2016/04/footpatrol-adidas-eqt-cushion-93-consortium-tour.jpg | https://sneakernews.com/wp-content/uploads/2016/04/footpatrol-adidas-consortium-eqt-cushion-93-closer-look-1.jpg ,"adidas EQT Cushion ADV x Footpatrol
Condition: Brand New in Box (DS)
Size: US 9
Style Code: CQ3024
Colorway: Grey / Royal / White

This limited-edition collaboration between adidas Originals and Footpatrol revives the classic Equipment Cushion silhouette with modern updates. Featuring premium materials, iconic EQT design elements, and a bold nod to retro runners, this pair is a must-have for collectors and streetwear enthusiasts.

✅ Limited Footpatrol collaboration
✅ Premium suede and mesh upper
✅ Lightweight EVA midsole with TPU support
✅ Signature EQT webbing tape and branding
✅ Unique dual-branded insoles
✅ Includes original box

Own a rare piece of adidas history — perfect for everyday wear or display.",30,2,,,,,
adidas Ultra Boost 1.0 Wood Wood Black,adidas Ultra Boost 1.0 Wood Wood Black,Adidas,549.9,https://image.goat.com/transform/v1/attachments/product_template_additional_pictures/images/078/080/643/original/43388_08.jpg.jpeg?width=750 ,"adidas Ultra Boost 1.0 x Wood Wood Black
Condition: Brand New in Box (DS)
Size: US 9
Style Code: AQ5931
Colorway: Core Black / Running White

A rare and highly sought-after collaboration between adidas and Danish fashion label Wood Wood, this Ultra Boost 1.0 fuses high-performance running technology with minimalist Scandinavian design. Limited in release and timeless in style, this pair is perfect for collectors and serious Boost enthusiasts.

✅ Limited collaboration with Wood Wood
✅ Ultra Boost 1.0 Primeknit upper in Core Black
✅ Signature Wood Wood branding on tongue tags
✅ Responsive Boost™ midsole for superior comfort
✅ Continental™ rubber outsole for durability
✅ Includes original box and tags

Don’t miss the chance to own this exclusive piece of sneaker history.",30,2,,,,,
Puma Disc Blaze Bape Camo Green,Puma Disc Blaze Bape Camo Green x,Puma,499.9,https://www.crash.fr/wp-content/uploads/2015/11/PumaxBape_Back-disc-.jpg | https://kenlu.net/wp-content/uploads/2015/11/puma-bape-16.jpg ,"PUMA Disc Blaze x A Bathing Ape (BAPE) Camo Green
Condition: Brand New in Box (DS)
Size: US 9
Style Code: 360646-01
Colorway: Green Camo / White / Black

A highly coveted collaboration between PUMA and legendary Japanese streetwear brand A Bathing Ape (BAPE). This limited edition Disc Blaze model features BAPE’s iconic camouflage print and PUMA’s innovative disc closure system, blending performance and fashion-forward design.

✅ Authentic PUMA x BAPE limited release
✅ Iconic green BAPE camo upper with mesh and suede overlays
✅ PUMA’s laceless Disc Fit System for custom lockdown
✅ Trinomic cushioning midsole for all-day comfort
✅ Co-branded tongue and insole detailing
✅ Includes original box and packaging

A must-have grail for collectors and BAPE fans alike — secure your pair while it lasts.",30,2,,,,,
adidas NMD R1 Hender Scheme,adidas NMD R1 Hender Scheme,Adidas,1199.9,https://image-cdn.hypb.st/https%3A%2F%2Fhypebeast.com%2Fwp-content%2Fblogs.dir%2F6%2Ffiles%2F2018%2F03%2Fadidas-originals-Hender-Scheme-Spring-Summer-2018-2.jpg?q=75&w=800&cbr=1&fit=max | https://image-cdn.hypb.st/https%3A%2F%2Fhypebeast.com%2Fwp-content%2Fblogs.dir%2F6%2Ffiles%2F2018%2F03%2Fadidas-originals-Hender-Scheme-Spring-Summer-2018-2.jpg?q=75&w=800&cbr=1&fit=max ,"adidas NMD R1 x Hender Scheme
Condition: Brand New in Box (DS)
Size: US 9
Style Code: AQ0896
Colorway: Natural / Core Black / White

Experience minimalist luxury with this ultra-premium collaboration between adidas Originals and Japanese artisanal brand Hender Scheme. This special edition NMD R1 is handcrafted using natural, untreated vegetable-tanned leather—designed to age beautifully over time.

✅ Handmade in Japan using premium leather
✅ NMD R1 silhouette reimagined in Hender Scheme’s signature minimal style
✅ Unique un-dyed natural leather upper with raw edges
✅ Full-length BOOST midsole for responsive comfort
✅ Leather laces, lining, and detailing throughout
✅ Co-branded heel and insoles


This is a rare and collectible pair for design enthusiasts, sneakerheads, and fans of luxury craftsmanship. One of the most sought-after NMD collabs ever released.",30,2,,,,,
Nike Air Jordan 1 Mid SE Purple,Nike Air Jordan 1 Mid SE Purple,Nike,259.9,https://www.kickingitup.com.au/cdn/shop/products/AirJordan1MidSEPurple.jpg?v=1666081810&width=1100 | https://trilogymerchph.com/cdn/shop/products/Air-Jordan-1-Mid-SE-Purple-Black-Toe-852542-105-3_1200x1200.jpg?v=1640353251 ,"Nike Air Jordan 1 Mid SE ""Purple""
Condition: Brand New in Box (DS)
Size: US 9
Style Code: [Insert Style Code if known]
Colorway: Court Purple / White / Black

Step up your sneaker game with the iconic Air Jordan 1 Mid SE ""Purple"", a standout colorway inspired by the classic Jordan legacy. Blending timeless style with fresh hues, this sneaker features bold Court Purple overlays complemented by clean white leather and classic black accents.

✅ Premium leather and synthetic upper for durability and style
✅ Air-Sole unit in the heel for lightweight cushioning
✅ Padded collar and perforated toe box for comfort and breathability
✅ Rubber outsole with pivot circle for traction and grip
✅ Iconic Jumpman and Wings branding for a heritage look

Perfect for both streetwear enthusiasts and Jordan collectors, the Air Jordan 1 Mid SE ""Purple"" is a must-have in any rotation.",30,2,,,,,
AJ 1 Retro High CO.JP Neutral Grey,Nike Air Jordan 1 Retro High CO.JP Neutral Grey (2020) x,Nike,199.9,https://pointsstore.com.au/cdn/shop/products/Nike-Air-Jordan-1-Retro-High---CO-Japan-Neutral-Grey.jpg | https://sneakernews.com/wp-content/uploads/2020/07/air-jordan-1-retro-high-og-co-jp-neutral-grey-DC1788-029-6.jpg ,"Nike Air Jordan 1 Retro High CO.JP “Neutral Grey” (2020)
Condition: Brand New in Box (DS)
Size: US 9.5
Style Code: DC1788-029
Colorway: Neutral Grey / Metallic Silver / White

Originally released exclusively in Japan in 2001, the Air Jordan 1 CO.JP “Neutral Grey” made a long-awaited return in 2020 with limited worldwide availability. This premium sneaker blends iconic Jordan 1 heritage with elevated materials and understated luxury.

✅ Soft nubuck and metallic silver leather upper for a sleek, premium feel
✅ Classic high-top silhouette with retro Nike Air tongue branding
✅ Numbered tag stitched inside (on limited pairs) honoring its limited-edition status
✅ Encapsulated Air-Sole unit for responsive cushioning
✅ Durable rubber outsole with traditional Jordan 1 traction

A collector’s must-have and a versatile everyday statement piece, the AJ1 CO.JP “Neutral Grey” merges nostalgia with modern style.",30,2,,,,,
Nike Air Zoom Legend Riccardo Tisci Black,Nike Air Zoom Legend Riccardo Tisci Black x,Nike,349.9,https://www.sneakerfiles.com/wp-content/uploads/2016/12/riccardo-tisci-nikelab-zoom-legend-release-date-1.jpg | https://image.goat.com/transform/v1/attachments/product_template_pictures/images/001/760/152/original/908458_002.png?width=750 ,"Nike Air Zoom Legend Riccardo Tisci “Black”
Condition: Brand New in Box (DS)
Size: US 9.5
Style Code: 910088-001
Colorway: Black / Sail / Multi-Color

A bold fusion of sport and high fashion, the Nike Air Zoom Legend Riccardo Tisci reimagines a Chelsea boot silhouette through the lens of luxury streetwear. Designed by acclaimed fashion designer Riccardo Tisci, this premium collaboration blends futuristic design with athletic function.

✅ Premium leather upper with stretch neoprene sock-like collar
✅ Zoom Air cushioning for responsive comfort
✅ Distinct heel tab and pull-on boot construction
✅ Bold rubber outsole with unique traction design
✅ Co-branded details and limited-edition packaging

This rare fashion-forward pair is a statement sneaker-boot hybrid perfect for collectors and avant-garde streetwear enthusiasts alike.",30,2,,,,,
Nike Tailwind 79 Stranger Things,Nike Tailwind 79 Stranger Things x,Nike,399.9,https://cms-cdn.thesolesupplier.co.uk/2019/06/Stranger-Things-x-Nike-Air-Tailwind-79-OG-Pack-White-CK1905-100-middle_w672_h672_pad_.jpg.webp | https://images.laced.com/products/89a997e6-cacc-421b-9f40-9d3eb22d682a.jpg?auto=format&fit=max&w=3840&q=75 ,"Nike Tailwind 79 ""Stranger Things – Independence Day"" – Limited Edition Retro Runner

Step into the Upside Down with the Nike Tailwind 79 ""Stranger Things – Independence Day"", part of the exclusive 2019 collaboration celebrating the hit Netflix series. This limited-edition sneaker pays tribute to the summer of 1985 and Hawkins’ Fourth of July celebrations with a vintage Americana vibe.

Featuring a patriotic red, white, and blue color scheme, Stranger Things branding, and retro detailing, the Tailwind 79 combines nostalgic flair with modern comfort.

Features:

Official collaboration with Stranger Things x Nike

Vintage nylon and suede upper with foam tongue

Custom Stranger Things logos on tongue, heel, and insole

Independence Day-themed colorway

EVA midsole and rubber waffle outsole for comfort and grip

Style Code: CK1905-400
Condition: Brand New 
Size: US9.5
Colorway: Blue/Red/White

Perfect for fans of the show and retro sneaker lovers alike. Don't miss this collector’s piece – limited stock available!",30,2,,,,,
adidas EQT Support ADV 910,adidas EQT Support ADV 910,Adidas,499.9,https://sneakerbardetroit.com/wp-content/uploads/2016/06/adidas-eqt-adv-support-910-1.jpg |https://sneakerbardetroit.com/wp-content/uploads/2016/06/adidas-eqt-adv-support-910-1.jpg ,"adidas EQT Support ADV 910 – White/Core Black/Sub Green

Condition: Brand New (Deadstock)
Size: US 9.5
Style Code: CQ2759
Color: White / Core Black / Sub Green

Bring iconic '90s performance style into today with the adidas EQT Support ADV 910. A limited-edition take on the classic Equipment line, this sneaker combines a sleek runner silhouette with bold design details and premium materials.

🔹 Mesh upper with soft molded TPU overlays for structure and support
🔹 Sock-like construction for a snug, comfortable fit
🔹 Signature integrated 3-Stripes webbing across the midfoot
🔹 Lightweight EVA midsole for responsive cushioning
🔹 Rubber outsole for durable traction
🔹 Exclusive “910” detailing for a collectible finish

A perfect blend of performance heritage and streetwear flair, this pair is ideal for sneakerheads and EQT fans alike.",30,2,,,,,
adidas EQT Cushion ADV Core Black,adidas EQT Cushion ADV Core Black,Adidas,169.9,https://cdn.afew-store.com/assets/30/302203/2400/adidas-eqt-cushion-adv-coreblack-rwhite-by9506-footwear%20%3E%20sneaker-packshots-0.jpg | https://cms-cdn.thesolesupplier.co.uk/2017/09/adidas-EQT-Cushion-ADV-Black-White-01_w672_h672_pad_.png.webp ,"adidas EQT Support ADV 910 “White Core Black”
Condition: Brand New in Box (DS)
Size: US 9.5
Style Code: CQ2759
Colorway: White / Core Black / Sub Green

Inspired by the archival Equipment series from the '90s, the adidas EQT Support ADV 910 redefines retro with modern innovation and street-ready style. This special “910” edition features enhanced detailing and premium materials, making it a standout among EQT fans.

✅ Lightweight mesh upper with TPU support overlays
✅ Signature integrated 3-Stripes webbing for locked-in fit
✅ Soft EVA midsole for all-day cushioning
✅ Distinct “910” detailing for limited-edition appeal
✅ Sock-like construction for a snug, adaptive fit

This pair blends the DNA of adidas heritage with futuristic vibes, perfect for daily wear or as a collector’s item.",30,2,,,,,
New Balance 327 Casablanca Orange,New Balance 327 Casablanca Orange,New Balance,499.9,https://media.gq.com/photos/5e98bc7f1a12b300089d0637/master/w_1600%2Cc_limit/05-new-gq-april-2020-Casablanca-New-Balance-327-Idealiste-sneaker.jpg | https://images.laced.com/products/5d24335e-4d07-49a0-80c0-004a53e8521f.png?auto=format&fit=max&w=3840&q=75 | https://robbreport.com/wp-content/uploads/2020/04/casablanca.jpg ,"New Balance 327 x Casablanca Orange – Limited Edition

Step into standout style with the New Balance 327 Casablanca Orange, a limited-edition collaboration with luxury menswear label Casablanca. Fusing retro running heritage with contemporary fashion, this release features bold color blocking and premium materials.

The upper combines smooth suede and perforated leather in a vibrant orange and white palette, accented by Casablanca’s signature green touches. A large retro “N” logo and exaggerated trail-inspired sole complete the distinctive 70s aesthetic.

Features:

Collaboration with Casablanca

Premium suede and leather upper

Oversized “N” branding

Lightweight EVA midsole

Lugged rubber outsole for traction

Bold colorway: Orange/White/Green

Style Code: MS327CBA
Condition: Brand New in Box 
Size: US 9.5
Release: Limited Edition

This highly sought-after model sold out quickly — don’t miss your chance to own a piece of modern sneaker history!",30,2,,,,,
Nike Vapor Street OFF-WHITE Black Fuchsia,Nike Vapor Street OFF-WHITE Black Fuchsia (Women's),Nike,299.9,https://www.wavesau.com/cdn/shop/products/518968_03_jpg_1200x.jpg?v=1650524833 | https://images.stockx.com/images/Nike-Vapor-Street-Off-White-Black-Laser-Fuchsia-W-Product.jpg?fit=fill&bg=FFFFFF&w=1200&h=857&q=60&dpr=1&trim=color&updated_at=1738193358 | https://storage.googleapis.com/hypeclothinga-media/__sized__/products/NIKE_VAPOR_STREET_OFF-WHITE_BLACK_LASER_FUCHSIA_CD8178-001_HYPE_CLOTHINGA_LIMITED_EDITION-thumbnail-1080x1080-70.jpg  https://storage.googleapis.com/hypeclothinga-media/__sized__/products/NIKE_VAPOR_STREET_OFF-WHITE_BLACK_LASER_FUCHSIA_CD8178-001_HYPE_CLOTHINGA_LIMITED_EDITION-thumbnail-1080x1080-70.jpg,"Nike Vapor Street Off-White Black Laser Fuchsia (Women’s)
Condition: Brand New in Box (Deadstock)
Size: US 10 – Women’s
Style Code: CD8178-001
Colorway: Black / Laser Fuchsia / White

Designed by Virgil Abloh for Off-White in collaboration with Nike, the Vapor Street fuses avant-garde fashion with performance running style. This striking women's edition features a deconstructed aesthetic and bold track-inspired design.

✅ Ripstop upper with signature Off-White overlays and exposed foam tongue
✅ Oversized Swoosh branding and signature Off-White zip tie
✅ Unique spiked rubber outsole for aggressive grip and edgy style
✅ Lightweight React foam midsole for responsive cushioning
✅ Includes original box, zip tie, and Off-White branded extras

Part of the iconic “Athlete in Progress” collection, this sneaker is a statement piece perfect for collectors and Off-White enthusiasts.",30,2,,,,,
Nike LD Waffle sacai Black,Nike LD Waffle sacai Black,Nike,699.9,"https://www.secretsneakerstore.com/cdn/shop/files/17053947247975DSK8F4CVY6MB2UXKW1Y.png?crop=center&height=1200&v=1728653278&width=1200 https://img.buzzfeed.com/buzzfeed-static/complex/images/Y19jcm9wLGhfMTEyNSx3XzIwMDAseF8wLHlfNjM1/slc92jpnztmh4uqgze3a/sacai-nike-ld-waffle-black-anthracite-release-date-bv0073-001-pair.jpg https://static.nike.com/a/images/w_1280,q_auto,f_auto/ufuv7kvbjbcwa7w1stxc/sacai-x-nike-ldwaffle-black-release-date.jpg ","Nike LDWaffle sacai Black
Condition: Brand New in Box (Deadstock)
Size: US 10
Style Code: BV0073-001
Colorway: Black / Anthracite / White

The Nike LDWaffle sacai Black is the result of an innovative collaboration between Nike and Japanese fashion label sacai. Fusing elements of the classic LDV and Waffle Racer, this silhouette features a distinctive double-layered design.

Dual Swooshes, tongues, and laces for a deconstructed aesthetic

Breathable mesh upper with suede and leather overlays

Iconic waffle outsole for durable traction

Lightweight foam midsole for responsive comfort

sacai x Nike co-branded detailing

A minimalist black colorway makes this a versatile and highly coveted release, perfect for collectors or anyone looking to elevate their streetwear game.

📦 Ships with original box and all accessories
🔥 100% Authentic – Buy with confidence!",30,2,,,,,
Nike Blazer Mid 77 Flyleather Ruohan Wang,Nike Blazer Mid 77 Flyleather Ruohan Wang,Nike,179.9,https://www.sneakerfiles.com/wp-content/uploads/2020/09/ruohan-wang-nike-blazer-mid-cz3775-900-release-date-info.jpg | https://storage.googleapis.com/hypeclothinga-media/__sized__/products/Nike_Blazer_Mid_77_Flyleather_Ruohan_Wang_CZ3775-900_Hype_Clothinga.003-thumbnail-1080x1080-70.jpeg ,"Nike Blazer Mid ’77 Flyleather Ruohan Wang

Limited edition collaboration with Berlin artist Ruohan Wang. Features colorful, all-over graphic design on sustainable Flyleather material. Released in 2020.

Style Code: CZ3775-900

Color: Multi-Color / White

Condition: [New ]

Includes: [Original box ]

Size: [US 10]

Fast shipping. Message me if you have any questions!

",30,2,,,,,
Nike Air Jordan 1 Mid SE Red Black Toe,Nike Air Jordan 1 Mid SE Red Black Toe x,Nike,199.9,https://kickstw.com.au/wp-content/uploads/2021/07/Air-Jordan-1-Mid-SE-Union-Black-Toe-1.jpg | https://kickstw.com.au/wp-content/uploads/2024/01/Air-Jordan-1-Mid-SE-Red-Black-Toe-4.jpg | https://store.yankeekicks.com/cdn/shop/files/Air-Jordan-1-Mid-SE-Union-852542-100-Release-Date-3_4a98ac90-7fcb-45a7-97aa-0f348eefc439.jpg?v=1730317256 ,"Nike Air Jordan 1 Mid SE ""Red Black Toe""

Style Code: 852542-100

Color: White / Black / Red

Size: US10

Condition: Brand New

Includes: Original Box

Authentic Nike Air Jordan 1 Mid SE in the classic ""Red Black Toe"" colorway. Features premium leather with red, black, and white panels — a clean, timeless look inspired by the original AJ1.

Perfect for everyday wear or as part of a sneaker collection.
100% brand new with original box.",30,2,,,,,
New Balance 327 Casablanca Orange,New Balance 327 Casablanca Orange,Nike,499.9,https://media.gq.com/photos/5e98bc7f1a12b300089d0637/master/w_1600%2Cc_limit/05-new-gq-april-2020-Casablanca-New-Balance-327-Idealiste-sneaker.jpg https://cdn.sanity.io/images/pu5wtzfc/production/6795d5eea8d42dd524e88cc190d317a9e6a02091-1200x675.jpg | https://cdn.sanity.io/images/pu5wtzfc/production/e00e5d1d92e01911eac2fc32019a2482a4bf53b4-1200x675.jpg ,"New Balance 327 x Casablanca Orange – Limited Edition

Step into standout style with the New Balance 327 Casablanca Orange, a limited-edition collaboration with luxury menswear label Casablanca. Fusing retro running heritage with contemporary fashion, this release features bold color blocking and premium materials.

The upper combines smooth suede and perforated leather in a vibrant orange and white palette, accented by Casablanca’s signature green touches. A large retro “N” logo and exaggerated trail-inspired sole complete the distinctive 70s aesthetic.

Features:

Collaboration with Casablanca

Premium suede and leather upper

Oversized “N” branding

Lightweight EVA midsole

Lugged rubber outsole for traction

Bold colorway: Orange/White/Green

Style Code: MS327CBA
Condition: Brand New in Box 
Size: US 10
Release: Limited Edition

This highly sought-after model sold out quickly — don’t miss your chance to own a piece of modern sneaker history!",30,2,,,,,
adidas Iniki Runner Navy White Gum,adidas Iniki Runner Navy White Gum x,New Balance,99.9,https://hips.hearstapps.com/esquire/assets/17/08/1487874959-iniki-runner-blue-pair.jpg | https://image-cdn.hypb.st/https%3A%2F%2Fhypebeast.com%2Fimage%2F2017%2F01%2Fadidas-originals-iniki-runner-1002.jpg?q=75&w=800&cbr=1&fit=max ,"adidas Iniki Runner “Navy / White / Gum”

Size: 10

Condition: Brand New

Includes: Original Box

100% Authentic

Step into the perfect blend of retro style and modern comfort with the adidas Iniki Runner in Navy, White, and Gum. Inspired by classic 70s running shoes, this pair combines vintage looks with today’s Boost cushioning for all-day comfort.

The navy mesh and suede upper contrasts beautifully with crisp white 3-Stripes and a gum rubber sole that completes the timeless look. Whether you’re hitting the streets or just want a versatile sneaker with heritage vibes, this pair delivers.

All pairs are brand new, never worn, and come in their original box.
Ships fast and securely. Message me if you have any questions!

",30,2,,,,,
adidas Yeezy 350 Cleat Turtledove,adidas Yeezy 350 Cleat Turtledove x,Adidas,449.9,https://image-cdn.hypb.st/https%3A%2F%2Fhypebeast.com%2Fimage%2F2016%2F09%2Fnfl-bans-yeezy-adidas-cleats-1.jpg?q=75&w=800&cbr=1&fit=max | https://image.goat.com/transform/v1/attachments/product_template_additional_pictures/images/077/927/958/original/71193_04.jpg.jpeg?width=750  ,"adidas Yeezy 350 Cleat “Turtledove”

Style Code: B42410

Size: 10.5

Color: Turtledove / Chalk White / Core Black

Condition: Brand New

Includes: Original Box

100% Authentic

Rare adidas Yeezy 350 Cleat in the iconic “Turtledove” colorway, inspired by the original Yeezy Boost 350. Features a Primeknit upper and cleated outsole designed for on-field performance, with signature Yeezy style.

Released in 2016 as a limited drop and sold out instantly. Great for collectors, Yeezy fans, or display.",30,2,,,,,
adidas Iniki Runner Navy White Gum,adidas Iniki Runner Navy White Gum x,Adidas,99.9,https://hips.hearstapps.com/esquire/assets/17/08/1487874959-iniki-runner-blue-pair.jpg | https://image-cdn.hypb.st/https%3A%2F%2Fhypebeast.com%2Fimage%2F2017%2F01%2Fadidas-originals-iniki-runner-1002.jpg? q=75&w=800&cbr=1&fit=max ,"adidas Iniki Runner “Navy / White / Gum”

Size: 10.5

Condition: Brand New

Includes: Original Box

100% Authentic

Step into the perfect blend of retro style and modern comfort with the adidas Iniki Runner in Navy, White, and Gum. Inspired by classic 70s running shoes, this pair combines vintage looks with today’s Boost cushioning for all-day comfort.

The navy mesh and suede upper contrasts beautifully with crisp white 3-Stripes and a gum rubber sole that completes the timeless look. Whether you’re hitting the streets or just want a versatile sneaker with heritage vibes, this pair delivers.

All pairs are brand new, never worn, and come in their original box.
Ships fast and securely. Message me if you have any questions!

",30,2,,,,,
NMD R1 Raw Pink Glitch Women,adidas NMD R1 Raw Pink Glitch (Women's),Adidas,119.9,https://noirfonce.eu/cdn/shop/products/Adidas-NMD-R1-W-Pink-Grey-BY9648---3_1800x1800.jpg?v=1502554638 | https://www.sneakerfiles.com/wp-content/uploads/2017/07/adidas-nmd-r1-primeknit-raw-pink-release-date-4.jpg ,"adidas NMD R1 ""Raw Pink Glitch"" Women’s – US Size 5.5

100% Authentic | Brand New in Box

Step into comfort and bold style with the adidas NMD R1 ""Raw Pink Glitch"". Designed with a lightweight Primeknit upper, this eye-catching women's exclusive colorway features a glitch camo pattern in Raw Pink tones, sitting atop the signature full-length Boost midsole for all-day cushioning and energy return. A perfect blend of streetwear edge and everyday performance.

Style Code: BY9648

Color: Raw Pink / White / Black

Size: Women’s US 5.5

Condition: Brand New With Box

Includes Original Box

📦 Fast Shipping from Australia
✅ Trusted Seller | Buy with Confidence",219.9,2,,,,,
New Balance 327 Black Women,New Balance 327 Black (Women's),New Balance,199.9,https://cdn.media.amplience.net/i/office/4011403859_sd1.jpg?$highres$&fmt=auto&qlt=default&fmt.jpeg.interlaced=true,"New Balance 327 Black (Women's)
Condition: Brand New in Box 
Size: US 6
Style Code: WS327CPA
Colorway: Black / White

The New Balance 327 Black (Women's) features a sleek all-black upper with premium nylon and suede overlays, paired with a crisp white midsole and the iconic oversized “N” logo. Inspired by vintage running shoes of the ‘70s, this model blends retro style with modern comfort.

✅ 100% Authentic – Brand New with Original Box
✅ Lightweight EVA midsole for all-day comfort
✅ Grippy lug outsole for a rugged yet stylish finish
✅ Versatile black-and-white colorway that pairs with any outfit
✅ A must-have for fans of minimalist, fashion-forward sneakers

Ideal for everyday wear or as a clean addition to your sneaker rotation. Limited availability – grab your pair now before it’s gone!

",320,2,,,,,
Y2-01-04,Crep Protect The Ultimate Shoe Cleaning Wipes Box Of 12 Wipes,Crep Protect,20.99,https://stealplug.com.my/cdn/shop/files/Crep_Protect_Cleaning_Wipes_-_12_Pack_-_1.png?v=1723800448&width=2048 | https://stealplug.com.my/cdn/shop/files/Crep_Protect_Cleaning_Wipes_-_12_Pack_-_2.png?v=1723800448&width=2048,"<div class=""row"" data-mce-fragment=""1""> <div class=""span12"" data-mce-fragment=""1""> <div class=""css-rxfjnz e66lapx0""> <div class=""css-go0enb ervyl860""> <div class=""css-rxfjnz e66lapx0""> <div class=""css-go0enb ervyl860""> <h2 class=""css-152ithu eotzsdr1"">DESCRIPTION</h2> </div> <div class=""css-1jtty8c ervyl860""> <div class=""css-156x2p4 eotzsdr9""> <div> <p>These travel size wipes are perfect for those unexpected marks when you're on the move. Individually sealed for freshness, these wipes feature a rough side for tougher stains and a soft side for general cleaning.</p> </div> </div> </div> </div> <div class=""css-rxfjnz e66lapx0""> <div class=""css-go0enb ervyl860""> <h4 class=""css-1gr84ez eotzsdr3"">DETAILS</h4> </div> <div class=""css-1jtty8c ervyl860""> <ul class=""css-x9gbaa e1h551zz2""> <li class=""css-1wdnl42 e1h551zz1"">Environmentally friendly</li> <li class=""css-1wdnl42 e1h551zz1"">Biodegradable wipes</li> <li class=""css-1wdnl42 e1h551zz1"">12 wipes per pack</li> <li class=""css-1wdnl42 e1h551zz1"">Smooth side for general cleaning</li> <li class=""css-1wdnl42 e1h551zz1"">textured side for tougher marks</li> <li class=""css-1wdnl42 e1h551zz1"">Cotton fresh scented</li> </ul> </div> </div> </div> </div> <div class=""css-rxfjnz e66lapx0""> <div class=""css-1jtty8c ervyl860""> <ul class=""css-x9gbaa e1h551zz2""></ul> <br> </div> </div> </div> </div> <div class=""row"" data-mce-fragment=""1""> <div class=""span12"" data-mce-fragment=""1""></div> </div>",29.99,2,,,,,
B4-06-07,Crep Protect Spray Can The Ultimate Shoe Sneaker Rain Stain Barrier Protection,Crep Protect,49.9,https://stealplug.com.my/cdn/shop/files/Crep_Protect_Spray_-1.png?v=1723800173&width=2048 | https://stealplug.com.my/cdn/shop/files/Crep_Protect_Spray_-2.png?v=1723800173&width=2048,"<div class=""row"" data-mce-fragment=""1""> <div class=""span12"" data-mce-fragment=""1""> <h2 data-mce-fragment=""1"">Crep | Protect Spray</h2> </div> </div> <div class=""row"" data-mce-fragment=""1""> <div class=""span12"" data-mce-fragment=""1""> <p data-mce-fragment=""1"">The rain &amp; stain resistant barrier spray creates an invisible coating to repel liquids and prevent stains without impacting the look, feel or performance of your sneakers making it the ultimate resistant barrier.</p> <p data-mce-fragment=""1"">To use, evenly spray from a distance of 20cm to apply a hydrophobic barrier that will repel most liquids.</p> </div> </div>",69.99,2,,,,,
 Y3-01-03,Sneaker Laundry Waterless Shoe Cleaner Foam & Brush Kit - Best Shoe Cleaning,Sneaker Laundry,29.9,https://i.ebayimg.com/images/g/7MkAAOSwZfJnKcEF/s-l1600.webp | https://i.ebayimg.com/images/g/dJYAAOSw1FdnKcEE/s-l1600.webp | https://i.ebayimg.com/images/g/chgAAOSwNSRnKcEF/s-l1600.webp | https://i.ebayimg.com/images/g/7rgAAOSwgatnKcEF/s-l1600.webp | https://i.ebayimg.com/images/g/iWMAAOSwlAhnKcEF/s-l1600.webp,"This shoe cleaning kit is a powerful 1-2 combo to counter dirt, grime and stains.

 

The Sneaker Laundry Sneaker Cleaning Kit includes:

- 1 x Sneaker Cleaner.

- 1 x All Purpose Brush.

 

Suitable for all kinds of trainers from Ultraboosts to Jordans, this sneaker care kit is a valuable thing to have in your locker. And it makes a great gift!",39.9,2,,,,,
 Y3-02-05,"Sneaker Laundry Nanotech Waterproof Shoe Protector Spray Excellent Stain Repel
",Sneaker Laundry,24.9,https://i.ebayimg.com/images/g/YZcAAOSwa0RnF0vY/s-l1600.webp | https://i.ebayimg.com/images/g/AAYAAOSwgY9nF0vY/s-l1600.webp | https://i.ebayimg.com/images/g/aVIAAOSwv4JnF0vY/s-l1600.webp | https://i.ebayimg.com/images/g/QAkAAOSwLIFnF0vY/s-l1600.webp | https://i.ebayimg.com/images/g/JFQAAOSwlNBnF0vZ/s-l1600.webp ,"Coat your kicks with a few sprays of our signature Sneaker Protector, and hit the streets in confidence. Keep your sneakers looking cleaner, whiter and shinier for longer. PS. This is our more environmentally-friendly alternative to our previous aerosol sneaker protector — and just as effective.



- Repels liquids, prevents stains, and ultimately helps maintain cleaner, whiter and shinier kicks for a longer time.


- Repels liquids and prevents stains.


- Protects all shoe fabrics: suede, leather, canvas - you name it.


- Non-aerosol, non toxic and eco friendly formula. 





How to Use

1. Ensure shoes are clean and dry.

2. Spray generously from 20cm away and allow 24 hours for shoes to dry.

3. Repeat process for extra protection (2 layers recommended).",29.9,2,,,,,
 Y3-01-01,Sneaker Laundry Shoe Cleaner Foam & Brush Kit - Best Shoe Cleaning,Sneaker Laundry,28.9,https://i.ebayimg.com/images/g/QT4AAOSwoHVmF9y~/s-l1600.webp | https://i.ebayimg.com/images/g/kZwAAOSwwC1mF9y-/s-l1600.webp | https://i.ebayimg.com/images/g/4IcAAOSwj3lmF9y-/s-l1600.webp | https://i.ebayimg.com/images/g/nHoAAOSwFYdmF9y-/s-l1600.webp | https://i.ebayimg.com/images/g/DHoAAOSwvX1mF9y~/s-l1600.webp | https://i.ebayimg.com/images/g/v2kAAOSw-DxmF9y9/s-l1600.webp ,"This shoe cleaning kit is a powerful 1-2 combo to counter dirt, grime and stains.

 

The Sneaker Laundry Sneaker Cleaning Kit includes:

- 1 x Sneaker Cleaner.

- 1 x All Purpose Brush.

 

Suitable for all kinds of trainers from Ultraboosts to Jordans, this sneaker care kit is a valuable thing to have in your locker. And it makes a great gift!",38.9,2,,,,,
 Y3-01-04,Sneaker Laundry Shoe Shield Universal Anti Crease Protector Accessories Pro-Tech,Sneaker Laundry,23.9,https://i.ebayimg.com/images/g/LmwAAOSwjqlmHdl-/s-l1600.webp | https://i.ebayimg.com/images/g/qugAAOSw3KJmHdl-/s-l1600.webp | https://i.ebayimg.com/images/g/H6AAAOSw5ptmHdl-/s-l1600.webp | https://i.ebayimg.com/images/g/bTUAAOSwOOFmHdl~/s-l1600.webp | https://i.ebayimg.com/images/g/uXYAAOSwElNmHdl~/s-l1600.webp ,"Don't let creases ruin your sneakers' fresh look. Preserve the toe box area of your kicks with our Crease Protector, crafted from durable, washable and breathable materials. Plus, these crease guards are designed to fit into any types of shoes and lasts up to 6 years!

Key Benefits
- Protects and supports your shoe's toe box from creasing

How to Use
Insert the sneaker Crease Protector into your shoe's toe box, ensuring the pinky slot is facing the correct direction.",34.9,2,,,,,
 Y3-01-05,Sneaker Laundry Shoe Cleaning Tuff Scuff Stain Remover Cleaner Whitener (5-Pack),Sneaker Laundry,19.9,https://i.ebayimg.com/images/g/OqsAAOSwd9BmHdvu/s-l1600.webp | https://i.ebayimg.com/images/g/cWkAAOSwXDpmHdvt/s-l1600.webp | https://i.ebayimg.com/images/g/duEAAOSwxFRmHdvu/s-l1600.webp | https://i.ebayimg.com/images/g/QbEAAOSwmQ5mHdvt/s-l1600.webp | https://i.ebayimg.com/images/g/6JUAAOSwVAlmHdvu/s-l1600.webp ,"This is where the magic happens. Our TikTok-viral Tuff Scuff is a revolutionary sneaker scuff eraser that removes shoe scuffs, grime and tough dirt marks from rubber, leather and plastic materials. Unlike typical nanosponges, our Tuff Scuff takes much longer to shred, boasting exceptional durability with a tuffer and a gentler side to use depending on the material!

Key Benefits
- Removes tough marks and scuffs gently without harmful or abrasive chemicals
- Easy to use, durable and extremely effective without damaging paint or materials
- Most effective on leather, rubber and plastics

How to Use
1. Dip a Tuff Scuff into a bowl of water and cleaning solution.

2. Rub back and forth on the scuffs of your shoes. Use the orange side for tougher stains.",24.9,2,,,,,
 Y3-02-01,Sneaker Laundry Nano Microfibre Cleaning Towel Cloths Reusable Shoe Cleaner Wipe - White,Sneaker Laundry,12.9,https://i.ebayimg.com/images/g/-loAAOSwBG5mHeLW/s-l1600.webp | https://i.ebayimg.com/images/g/VjEAAOSw9kJmHeLV/s-l1600.webp | https://i.ebayimg.com/images/g/LY0AAOSwJGBmHeLV/s-l1600.webp | https://i.ebayimg.com/images/g/8ukAAOSwd61mHeLV/s-l1600.webp,"After cleaning, pat your shoes dry with our Microfibre Towel and leave no traces of residue or lint behind.

- Removes foam and liquid from your sneakers after scrubbing.

- Extremely soft and highly absorbent.

- Wipes down foam without leaving lint or residue behind.


Remove foam and liquid from your sneakers after cleaning with our extremely soft and ridiculously absorbent Microfibre Towel. Unlike your cheaper alternatives, this ultra heavy duty towel will give you a clean lint-free wipe-down, leaving absolutely no traces of residue behind.

Key Benefits
- For your shoes, not your shower
- Perfect for removing foam and liquid from your sneakers after cleaning
- Extremely soft, ridiculously absorbent, and provide a lint-free wipe-down

How to Use

1. Once you’ve finished scrubbing your sneakers, use this towel to pat them dry.",17.9,2,,,,,
 Y3-02-02,Sneaker Laundry Paint Brush 5-Pack Touch-ups Midsoles Customise Restore Shoes,Sneaker Laundry,11.9,https://i.ebayimg.com/images/g/hBsAAOSwTRVnKckB/s-l1600.webp | https://i.ebayimg.com/images/g/TNMAAOSwUoNnKckB/s-l1600.webp | https://i.ebayimg.com/images/g/gScAAOSw86hnKckC/s-l1600.webp ,"Unleash your inner Picasso on your sneakers with our all-new Paint Brush Pack - a set of 5 high-quality brushes for everything from small touch-ups to whole midsoles.

Key Benefits:
1. Perfect for customising and restoring sneakers
2. Brushes are high-quality, durable and long lasting",19.9,2,,,,,
 Y3-02-03,Sneaker Laundry Shoe Cleaning Brush For Suede Snow Boot Leather Cleaner (Premium Brush),Sneaker Laundry,17.9,https://i.ebayimg.com/images/g/zx0AAOSwSvtmHe3G/s-l1600.webp | https://i.ebayimg.com/images/g/XsQAAOSwIGhmHe3F/s-l1600.webp | https://i.ebayimg.com/images/g/EqAAAOSw8~xmHezA/s-l1600.webp ,"PREMIUM BRUSH | ACRYLIC

The premium hog hair brush gives you a deep clean on delicate materials without causing damage.

Product Description
This brush is recommended on materials like Flyknit, Nubuck, Suede, Mesh and leather. Do not use this brush to clean midsoles, soles or paint / dyed suede. 

Instructions
Scrub in a circular motion allowing the weight of the brush to determine the pressure you use for your clean. Apply more pressure as needed.",27.9,2,,,,,
 Y3-02-07,Sneaker Laundry Shoe Cleaning Brush For Suede Snow Boot Leather Cleaner (Sole Brush),Sneaker Laundry,16.9,https://i.ebayimg.com/images/g/AZsAAOSw9sNmHe26/s-l1600.webp | https://i.ebayimg.com/images/g/WdkAAOSwiDBmHe21/s-l1600.webp | https://i.ebayimg.com/images/g/kxgAAOSw0EVmHe25/s-l1600.webp ,"SOLE BRUSH | ACRYLIC

Sole Brush is used as a cleaning tool for the bottom of shoes.

Product Description
This brush will allow you to take all the dirt, grim and excess items on the sole of shoes without damaging the brush bristles. 

Are you cleaning more delicate materials? Check out our softer bristled brushes:

Premium Brush
All-Purpose Brush
Instructions
Scrub in a circular motion allowing the weight of the brush to determine the pressure you use for your clean. Apply more pressure as needed.",26.9,2,,,,,
 Y3-02-06,Sneaker Laundry Shoe Cleaning Brush For Suede Snow Boot Leather Cleaner (All Purpose Brush),Sneaker Laundry,18.5,https://i.ebayimg.com/images/g/OkgAAOSwR4JmHe2r/s-l1600.webp | https://i.ebayimg.com/images/g/kn8AAOSwZ49mHe2q/s-l1600.webp | https://i.ebayimg.com/images/g/uHQAAOSwhDdmHe2p/s-l1600.webp ,"ALL PURPOSE BRUSH | ACRYLIC


This Medium-Stiff Plastic Bristle Brush is a perfect all-rounder brush recommended for durable materials such as leather plastic and rubber.

Product Description

It is also highly recommended for midsoles and outsoles.

For delicate mesh, suede or nubuck, we highly recommend our premium brush.

Instructions
Scrub in a circular motion allowing the weight of the brush to determine the pressure you use for your clean. Apply more pressure as needed.",28.5,2,,,,,
 Y3-02-08,Sneaker Laundry Suede Eraser Shoe Cleaning Fabric Shoes Cleaner Spot Remover,Sneaker Laundry,17.9,https://i.ebayimg.com/images/g/TFIAAOSwZW1mHfCl/s-l1600.webp | https://i.ebayimg.com/images/g/f0wAAOSwtHxm~O2m/s-l1600.webp | https://i.ebayimg.com/images/g/TFIAAOSwZW1mHfCl/s-l1600.webp | https://i.ebayimg.com/images/g/ezgAAOSwrJdmHfCk/s-l1600.webp,"Elvis would have loved this. (Ask an oldie.)

 

Due to the delicate nature of suede, it remains one of the trickiest and riskiest materials to clean. Our Suede Eraser is designed to remove minor scuffs on suede without using any water at all. One of the safest ways to remove spot stains and bring your suede back to life without a deep clean.


How to use:

1. Lightly rub the suede eraser on the affected area back and forth until the scuff or stain is gone.

2. Brush away using a dry brush

**Works best on minor stains and scuffs. Deeper stains may require a full clean with our Waterless Cleaning Kit.",17.9,2,,,,,
 Z0-02-01-2,Sneaker Laundry Sneakers Repair Glue Strong Adhesion For Boots Worn Shoes,Sneaker Laundry,11.9,https://i.ebayimg.com/images/g/68oAAOSwmj1nKdDt/s-l1600.webpp | https://i.ebayimg.com/images/g/-CYAAOSwWEJnKdDt/s-l1600.webp ,"Fix your worn-out soles, loose stitching, and frayed laces with our durable Sneaker Glue, crafted for superior strength and longevity.

- Precision nozzle for getting it into any tricky sneaker bits.

- Works on nearly all surfaces on every part of the sneaker.

- Fast-drying.

Description
Our Sneaker Glue delivers an unrivalled bond, ensuring durability and strength that surpasses all others. Say goodbye to worn-out soles, loose stitching, and frayed laces because this glue will keep your sneakers in its best shape! On top of that, it's waterproof, weather-resistant, and flexible so rest assure your sneakers will stay pristine no matter the condition.

Key Benefits
Delivers an unrivalled bond, ensuring durability and strength
To be used on worn-out soles, loose stitching, and frayed laces

How to Use:
1. Clean the desired restoration area.

2. Place the nozzle to the area and gently squeeze the bottle.

3. Place gentle pressure on the glue area for 1-2 mins and leave it to dry.",21.9,2,,,,,
 Y3-00-02,Sneaker Laundry Waterless Foam Cleaner For Sneakers Shoes Care Water Free,Sneaker Laundry,22.9,https://i.ebayimg.com/images/g/3rMAAOSwxFJnKdKM/s-l1600.webp | https://i.ebayimg.com/images/g/B5sAAOSwZsxnKdKM/s-l1600.webp | https://i.ebayimg.com/images/g/OkgAAOSwfFNnKdKN/s-l1600.webp ,"Our signature waterless formula avoids damage to delicate shoe materials while offering quick and convenient on-the-go cleaning.

- Waterless foaming solution that effectively cleans, removes dirt and most stains.

- Best to clean delicate shoe materials like suede and nubuck.

- Organic solution that is safe on skin and palm oil free.

Clean delicate shoe materials like suede and nubuck without bleeding and colour loss with our Waterless Foam Cleaner. This self-foaming solution effectively removes dirt and most stains without the need for water. Plus, it makes a great addition to your doorstep for pump, scrub and go cleaning.

Key Benefits
Convenient self-foaming organic solution that effectively cleans, removes dirt and most stains
No water is required

How to Use
1. Pump 2-3 times directly onto the desired cleaning brush.

2. Start scrubbing on the affected area.

3. Wipe away foam using our Microfibre Towel.",29.9,2,,,,,
 Y3-00-01,Sneaker Laundry Shoe Cleaner Organic Water-Based Self Foaming Solution,Sneaker Laundry,21.9,https://i.ebayimg.com/images/g/P~4AAOSwlnFnKdU~/s-l1600.webp | https://i.ebayimg.com/images/g/S48AAOSwN4dnKdVA/s-l1600.webp | https://i.ebayimg.com/images/g/IUAAAOSwD7FnKdVA/s-l1600.webp ,"An organic water-based solution that effectively cleans, removes dirt and most stains across durable materials like mesh, fabric, leather, plastic and rubber.



- Water-based self foaming solution.



- Best to clean durable shoe materials like leather.



- Organic-based solution is safe on skin and palm oil free.



Need to clean your sneakers? We’ve got the… Solution. Our iconic Sneaker Cleaner is a water-based foaming solution that will efficiently clean and effectively remove dirt and most stains. Combine a few squirts of this with warm water for the best results on most shoe materials: Leather, Mesh, Fabric, Rubber, Plastic etc.



Key Benefits

Organic foaming solution that effectively cleans, removes dirt and most stains
Safe on skin, plant based formula, palm oil free
How to Use

1. Squeeze 2-3 squirts of solution into warm water into a bowl and mix well.
2. Dip the brush into the bowl. Scrub in a circular motion allowing the weight of the brush to determine the pressure you use for your clean. Apply more pressure as needed.
3. Wipe away the dirty foam with our Microfibre Towel.",29.9,2,,,,,
 Y3-00-04,"Sneaker Laundry Collapsible Portable Cleaning Bowl For Shoes Sneakers Washing
",Sneaker Laundry,15.9,https://i.ebayimg.com/images/g/fE8AAOSwjilnKdoB/s-l1600.webp | https://i.ebayimg.com/images/g/~pUAAOSwmFlnKdoB/s-l1600.webp | https://i.ebayimg.com/images/g/HGwAAOSwyfZnKdoF/s-l1600.webp | https://i.ebayimg.com/images/g/cfIAAOSwUqpnKdoB/s-l1600.webp ,"Dip your brush into our Collapsible Cleaning Bowl for convenient shoe cleaning and storage.

- Collapsible, portable cleaning bowl.

- Designed to fit our cleaning brushes perfectly.

You're not gonna use the cereal bowl from your kitchen to clean your shoes... are you? Dip your brush into our Cleaning Bowl instead and keep mess to a minimum when cleaning your kicks. It's collapsible too, for convenient flat storage.

Key Benefits: 
- Collapsible, portable cleaning bowl
- Designed to fit our cleaning brushes perfectly.


How to Use
1. Push out the bottom of the bowl to expand it.

2. Squeeze 2-3 squirts of our Sneaker Cleaning solution into a bowl with room temperature water and mix well before you start scrubbing with your brush of choice",19.9,2,,,,,
 Y3-00-03,"Sneaker Laundry Whitening Cleansing Shoe Deep Stain Remover Cleaner Whitener
",Sneaker Laundry,15.9,https://i.ebayimg.com/images/g/JiUAAOSwrR5nGKvy/s-l1600.webp | https://i.ebayimg.com/images/g/sIoAAOSwqB1nGKv1/s-l1600.webp | https://i.ebayimg.com/images/g/hOEAAOSww55nGKvx/s-l1600.webp,"When stains get tough, we get tougher. The Sneaker Laundry Sneaker Stain Remover is a powerful solution for pre-treating deep stains before the cleaning process. Simply spray generously across your shoe and let it sink in for 3-5 minutes. You'll see the dirt start to loosen before you even begin scrubbing!



A powerful pre-treatment for loosening deep stains before you start cleaning your shoes. Tame that damn stain.


A pre-treatment essential for any deep clean.


Loosen dirt and stains before the cleaning process.


Safe to use on most sneaker materials.



Key Benefits



- Pre-treatment to loosen dirt and stains before the cleaning process.

- Spray generously and let it sink in for 3-5 minutes before scrubbing.



How to Use

1. Spray to problematic area and let it sink in for 1-2 minutes.


2. Scrub as normal using The Sneaker Laundry cleaning solutions and brushes.",25.9,2,,,,,
S.Laundry Shoe Protector,Sneaker Laundry Nanotech Waterproof Shoe Protector Spray Excellent Stain Repel,Sneaker Laundry,24.9,https://i.ebayimg.com/images/g/YZcAAOSwa0RnF0vY/s-l1600.webp | https://i.ebayimg.com/images/g/AAYAAOSwgY9nF0vY/s-l1600.webp | https://i.ebayimg.com/images/g/aVIAAOSwv4JnF0vY/s-l1600.webp | https://i.ebayimg.com/images/g/QAkAAOSwLIFnF0vY/s-l1600.webp | https://i.ebayimg.com/images/g/JFQAAOSwlNBnF0vZ/s-l1600.webp ,"Coat your kicks with a few sprays of our signature Sneaker Protector, and hit the streets in confidence. Keep your sneakers looking cleaner, whiter and shinier for longer. PS. This is our more environmentally-friendly alternative to our previous aerosol sneaker protector — and just as effective.



- Repels liquids, prevents stains, and ultimately helps maintain cleaner, whiter and shinier kicks for a longer time.


- Repels liquids and prevents stains.


- Protects all shoe fabrics: suede, leather, canvas - you name it.


Non-aerosol, non toxic and eco friendly formula. 





How to Use

1. Ensure shoes are clean and dry.

2. Spray generously from 20cm away and allow 24 hours for shoes to dry.

3. Repeat process for extra protection (2 layers recommended).",29.5,2,,,,,
 Y3-01-02,Sneaker Laundry - Adjustable Shoe Trees Stretcher Shaper Extender (1-Pair),Sneaker Laundry,13.9,https://i.ebayimg.com/images/g/ZSQAAOSwNPNnF1D2/s-l1600.webp | https://i.ebayimg.com/images/g/XmwAAOSwQWVnF1Dj/s-l1600.webp | https://i.ebayimg.com/images/g/foIAAOSw1RJnF1Dx/s-l1600.webp | https://i.ebayimg.com/images/g/zYMAAOSwcYhnF1Dj/s-l1600.webp | https://i.ebayimg.com/images/g/BHcAAOSwSuxnF1Dj/s-l1600.webp,"Our lightweight, durable Shoe Trees are perfect for preventing creasing while cleaning or for storing. Unlike conventional spring shoe trees, ours are highly adjustable and maintains the overall shape and form of the shoe without stretching them. Fits Mens US sizes 7.5-12 and Women's US sizes 9+.





Keep your sneakers in shape, ensuring firmness for easy scrubbing and professional display.


- Maintains shape of entire shoe and prevents creases from forming.


- Highly adjustable to any size without stretching the shoe.


- Recommended for shoe display and easier shoe cleaning.





How to Use

1. Squeeze the silver prongs to separate the shoe tree to adjust to your desired size.



2. Once you’ve found your size, put the prongs back into place to secure the shoe tree.",23.5,2,,,,,
 Y3-01-06,Sneaker Laundry Shock Absorbing Shoe Boost Insoles Breathable Sports (1-Pair) - Large,Sneaker Laundry,32.9,https://i.ebayimg.com/images/g/xWgAAOSwfRhnF1ZP/s-l1600.webp | https://i.ebayimg.com/images/g/mwgAAOSw0FJnF1ZQ/s-l1600.webp | https://i.ebayimg.com/images/g/4NkAAOSwOkBnF1ZQ/s-l1600.webp ,"Sore feet? Put the bounce back in your step with our Boost Insoles inspired by Adidas Ultraboost technology. These insoles have been rigorously tested, reformulated, and meticulously crafted to provide ultimate comfort and support. With premade cutlines, these insoles can be cut to fit any size.



Now you can walk on clouds with insoles inspired by Adidas Ultraboost technology. Adjustable to any size!


- Adds comfort to your shoe wear.


- Cut to fit any size with premade cutlines.


- Inspired by Adidas, Ultraboost Technology.





How to Use



1. Find your size on the sizing ring on the Boost Insole.



2. Using scissors, cut the exact shape to fit your sneakers.",39.5,2,,,,,
 Y3-02-04,Sneaker Laundry Shoe Deodoriser Spray Trainers Sneakers Deodorant Anti Odour,Sneaker Laundry,19.9,https://i.ebayimg.com/images/g/CMYAAOSwufNnGKgK/s-l1600.webp | https://i.ebayimg.com/images/g/l9cAAOSwMWBnGKgK/s-l1600.webp | https://i.ebayimg.com/images/g/dMMAAOSwUMxnGKgK/s-l1600.webp ,"Shoe care doesn't stop at shoe cleaning. Made from organic ingredients, our Sneaker Deodoriser has both antibacterial and microbial qualities that will disinfect and make your shoes smell minty fresh. That’s one less chemical cleaning product around the house. And a lot fewer smelly shoes.

Key Benefits
Eliminates shoe odour and kills bad bacteria
Non aerosol and non toxic

How to Use
1. Shake well before use. Spray generously on the inside of the shoe.
2. Let it dry. For best results, clean the inside of the shoe prior with a sneaker cleaning kit.
3. Do not spray on the outside of shoes.",24.5,2,,,,,
